Name,Code,Code description,Easting,Northing,Elevation,Description,Longitude,Latitude,Ellipsoidal height,Origin,Tilt angle,Easting RMS,Northing RMS,Elevation RMS,Lateral RMS,Antenna height,Antenna height units,Solution status,Correction type,Averaging start,Averaging end,Samples,PDOP,GDOP,Base easting,Base northing,Base elevation,Base longitude,Base latitude,Base ellipsoidal height,Baseline,Mount point,CS name,GPS Satellites,GLONASS Satellites,Galileo Satellites,BeiDou Satellites,QZSS Satellites,Device type,Device serial number
1,,,,,,,-119.84562230,34.41622191,-20.267,Global,6.1,0.012,0.012,0.012,0.017,1.945,m,FIX,RTK,2026-02-06 17:44:46.0 UTC-08:00,2026-02-06 17:44:46.0 UTC-08:00,1,1.1,1.3,,,,-119.79242800,34.50781198,811.544,11305.840,P519_RTCM3,Global CS,8,7,4,5,0,Reach RX2,8243B70F5B178099
2,,,,,,,-119.84560105,34.41620833,-20.231,Global,9.1,0.013,0.013,0.013,0.018,1.945,m,FIX,RTK,2026-02-06 17:44:55.4 UTC-08:00,2026-02-06 17:44:55.4 UTC-08:00,1,1.1,1.3,,,,-119.79242800,34.50781198,811.544,11306.390,P519_RTCM3,Global CS,9,7,4,5,0,Reach RX2,8243B70F5B178099
3,,,,,,,-119.84558469,34.41618190,-20.230,Global,11.5,0.013,0.013,0.016,0.018,1.945,m,FIX,RTK,2026-02-06 17:45:04.0 UTC-08:00,2026-02-06 17:45:04.0 UTC-08:00,1,1.1,1.3,,,,-119.79242800,34.50781198,811.544,11308.450,P519_RTCM3,Global CS,9,7,3,5,0,Reach RX2,8243B70F5B178099
4,,,,,,,-119.84557656,34.41616272,-20.240,Global,8.2,0.012,0.012,0.012,0.018,1.945,m,FIX,RTK,2026-02-06 17:45:10.6 UTC-08:00,2026-02-06 17:45:10.6 UTC-08:00,1,1.1,1.2,,,,-119.79242800,34.50781198,811.544,11310.050,P519_RTCM3,Global CS,9,7,4,5,0,Reach RX2,8243B70F5B178099
5,,,,,,,-119.84556881,34.41614721,-20.285,Global,9.0,0.012,0.012,0.018,0.018,1.945,m,FIX,RTK,2026-02-06 17:45:16.8 UTC-08:00,2026-02-06 17:45:16.8 UTC-08:00,1,1.1,1.2,,,,-119.79242800,34.50781198,811.544,11311.340,P519_RTCM3,Global CS,9,7,3,5,0,Reach RX2,8243B70F5B178099
6,,,,,,,-119.84556076,34.41613037,-20.306,Global,8.4,0.012,0.012,0.013,0.017,1.945,m,FIX,RTK,2026-02-06 17:45:22.4 UTC-08:00,2026-02-06 17:45:22.4 UTC-08:00,1,1.1,1.2,,,,-119.79242800,34.50781198,811.544,11312.690,P519_RTCM3,Global CS,9,7,4,3,0,Reach RX2,8243B70F5B178099
7,,,,,,,-119.84554961,34.41611298,-20.300,Global,7.9,0.013,0.013,0.016,0.018,1.945,m,FIX,RTK,2026-02-06 17:45:33.4 UTC-08:00,2026-02-06 17:45:33.4 UTC-08:00,1,1.1,1.3,,,,-119.79242800,34.50781198,811.544,11314.010,P519_RTCM3,Global CS,7,7,4,5,0,Reach RX2,8243B70F5B178099
8,,,,,,,-119.84553269,34.41609299,-20.363,Global,9.2,0.012,0.012,0.013,0.017,1.945,m,FIX,RTK,2026-02-06 17:45:40.0 UTC-08:00,2026-02-06 17:45:40.0 UTC-08:00,1,1.1,1.2,,,,-119.79242800,34.50781198,811.544,11315.340,P519_RTCM3,Global CS,9,7,4,5,0,Reach RX2,8243B70F5B178099
9,,,,,,,-119.84551741,34.41607178,-20.394,Global,7.5,0.012,0.012,0.013,0.017,1.945,m,FIX,RTK,2026-02-06 17:45:46.6 UTC-08:00,2026-02-06 17:45:46.6 UTC-08:00,1,1.1,1.3,,,,-119.79242800,34.50781198,811.544,11316.840,P519_RTCM3,Global CS,7,7,4,5,0,Reach RX2,8243B70F5B178099
10,,,,,,,-119.84549697,34.41605393,-20.378,Global,8.5,0.012,0.012,0.013,0.018,1.945,m,FIX,RTK,2026-02-06 17:45:53.6 UTC-08:00,2026-02-06 17:45:53.6 UTC-08:00,1,1.1,1.3,,,,-119.79242800,34.50781198,811.544,11317.850,P519_RTCM3,Global CS,8,7,5,5,0,Reach RX2,8243B70F5B178099
11,,,,,,,-119.84546970,34.41603572,-20.344,Global,9.6,0.012,0.012,0.019,0.018,1.945,m,FIX,RTK,2026-02-06 17:46:00.2 UTC-08:00,2026-02-06 17:46:00.2 UTC-08:00,1,1.1,1.2,,,,-119.79242800,34.50781198,811.544,11318.650,P519_RTCM3,Global CS,9,7,5,5,0,Reach RX2,8243B70F5B178099
12,,,,,,,-119.84543701,34.41601954,-20.276,Global,9.7,0.013,0.013,0.020,0.018,1.945,m,FIX,RTK,2026-02-06 17:46:07.6 UTC-08:00,2026-02-06 17:46:07.6 UTC-08:00,1,1.2,1.3,,,,-119.79242800,34.50781198,811.544,11318.970,P519_RTCM3,Global CS,8,7,5,5,0,Reach RX2,8243B70F5B178099
13,,,,,,,-119.84540510,34.41600660,-20.185,Global,10.0,0.013,0.013,0.017,0.018,1.945,m,FIX,RTK,2026-02-06 17:46:14.2 UTC-08:00,2026-02-06 17:46:14.2 UTC-08:00,1,1.2,1.3,,,,-119.79242800,34.50781198,811.544,11319.030,P519_RTCM3,Global CS,9,7,5,5,0,Reach RX2,8243B70F5B178099
14,,,,,,,-119.84536538,34.41599541,-20.189,Global,10.0,0.013,0.013,0.024,0.018,1.945,m,FIX,RTK,2026-02-06 17:46:21.4 UTC-08:00,2026-02-06 17:46:21.4 UTC-08:00,1,1.2,1.4,,,,-119.79242800,34.50781198,811.544,11318.580,P519_RTCM3,Global CS,7,7,5,5,0,Reach RX2,8243B70F5B178099
15,,,,,,,-119.84532680,34.41599383,-20.178,Global,11.6,0.013,0.013,0.017,0.018,1.945,m,FIX,RTK,2026-02-06 17:46:28.0 UTC-08:00,2026-02-06 17:46:28.0 UTC-08:00,1,1.2,1.3,,,,-119.79242800,34.50781198,811.544,11317.270,P519_RTCM3,Global CS,8,6,5,5,0,Reach RX2,8243B70F5B178099
16,,,,,,,-119.84528941,34.41599070,-20.249,Global,9.9,0.013,0.013,0.015,0.018,1.945,m,FIX,RTK,2026-02-06 17:46:34.6 UTC-08:00,2026-02-06 17:46:34.6 UTC-08:00,1,1.2,1.4,,,,-119.79242800,34.50781198,811.544,11316.060,P519_RTCM3,Global CS,7,6,5,5,0,Reach RX2,8243B70F5B178099
17,,,,,,,-119.84525357,34.41598847,-20.227,Global,9.0,0.012,0.012,0.019,0.018,1.945,m,FIX,RTK,2026-02-06 17:46:40.4 UTC-08:00,2026-02-06 17:46:40.4 UTC-08:00,1,1.2,1.4,,,,-119.79242800,34.50781198,811.544,11314.830,P519_RTCM3,Global CS,9,7,5,5,0,Reach RX2,8243B70F5B178099
18,,,,,,,-119.84521480,34.41599127,-20.192,Global,9.9,0.013,0.013,0.024,0.018,1.945,m,FIX,RTK,2026-02-06 17:46:46.8 UTC-08:00,2026-02-06 17:46:46.8 UTC-08:00,1,1.2,1.4,,,,-119.79242800,34.50781198,811.544,11313.050,P519_RTCM3,Global CS,7,7,5,5,0,Reach RX2,8243B70F5B178099
19,,,,,,,-119.84517828,34.41600488,-20.122,Global,10.9,0.013,0.013,0.017,0.018,1.945,m,FIX,RTK,2026-02-06 17:46:53.0 UTC-08:00,2026-02-06 17:46:53.0 UTC-08:00,1,1.3,1.5,,,,-119.79242800,34.50781198,811.544,11310.250,P519_RTCM3,Global CS,8,7,5,5,0,Reach RX2,8243B70F5B178099
20,,,,,,,-119.84513702,34.41600841,-20.201,Global,7.5,0.013,0.013,0.018,0.018,1.945,m,FIX,RTK,2026-02-06 17:46:59.6 UTC-08:00,2026-02-06 17:46:59.6 UTC-08:00,1,1.1,1.3,,,,-119.79242800,34.50781198,811.544,11308.180,P519_RTCM3,Global CS,8,7,4,5,0,Reach RX2,8243B70F5B178099
21,,,,,,,-119.84511463,34.41601151,-20.356,Global,9.3,0.012,0.012,0.014,0.018,1.945,m,FIX,RTK,2026-02-06 17:47:59.6 UTC-08:00,2026-02-06 17:47:59.6 UTC-08:00,1,1.2,1.3,,,,-119.79242800,34.50781198,811.544,11307.020,P519_RTCM3,Global CS,8,6,5,4,0,Reach RX2,8243B70F5B178099
22,,,,,,,-119.84507757,34.41602549,-20.265,Global,3.9,0.012,0.012,0.016,0.017,1.945,m,FIX,RTK,2026-02-06 17:48:51.4 UTC-08:00,2026-02-06 17:48:51.4 UTC-08:00,1,1.1,1.3,,,,-119.79242800,34.50781198,811.544,11304.040,P519_RTCM3,Global CS,9,7,4,5,0,Reach RX2,8243B70F5B178099
23,,,,,,,-119.84504758,34.41604350,-20.255,Global,9.8,0.013,0.013,0.022,0.018,1.945,m,FIX,RTK,2026-02-06 17:49:02.8 UTC-08:00,2026-02-06 17:49:02.8 UTC-08:00,1,1.1,1.3,,,,-119.79242800,34.50781198,811.544,11301.140,P519_RTCM3,Global CS,8,7,4,4,0,Reach RX2,8243B70F5B178099
24,,,,,,,-119.84502024,34.41605982,-20.204,Global,8.7,0.013,0.013,0.018,0.018,1.945,m,FIX,RTK,2026-02-06 17:49:59.0 UTC-08:00,2026-02-06 17:49:59.0 UTC-08:00,1,1.1,1.3,,,,-119.79242800,34.50781198,811.544,11298.360,P519_RTCM3,Global CS,8,7,5,5,0,Reach RX2,8243B70F5B178099
25,,,,,,,-119.84499425,34.41608102,-20.256,Global,8.8,0.013,0.013,0.022,0.018,1.945,m,FIX,RTK,2026-02-06 17:50:48.0 UTC-08:00,2026-02-06 17:50:48.0 UTC-08:00,1,1.3,1.5,,,,-119.79242800,34.50781198,811.544,11295.190,P519_RTCM3,Global CS,5,5,5,3,0,Reach RX2,8243B70F5B178099
26,,,,,,,-119.84497888,34.41609931,-20.051,Global,9.8,0.013,0.013,0.020,0.018,1.945,m,FIX,RTK,2026-02-06 17:50:58.0 UTC-08:00,2026-02-06 17:50:58.0 UTC-08:00,1,1.2,1.4,,,,-119.79242800,34.50781198,811.544,11292.720,P519_RTCM3,Global CS,8,6,4,3,0,Reach RX2,8243B70F5B178099
27,,,,,,,-119.84496115,34.41612675,-19.847,Global,5.6,0.012,0.012,0.014,0.017,1.945,m,FIX,RTK,2026-02-06 17:51:29.2 UTC-08:00,2026-02-06 17:51:29.2 UTC-08:00,1,1.2,1.4,,,,-119.79242800,34.50781198,811.544,11289.270,P519_RTCM3,Global CS,8,6,5,5,0,Reach RX2,8243B70F5B178099
28,,,,,,,-119.84494440,34.41615014,-19.867,Global,8.2,0.012,0.012,0.013,0.018,1.945,m,FIX,RTK,2026-02-06 17:51:41.6 UTC-08:00,2026-02-06 17:51:41.6 UTC-08:00,1,1.1,1.3,,,,-119.79242800,34.50781198,811.544,11286.260,P519_RTCM3,Global CS,8,6,4,4,0,Reach RX2,8243B70F5B178099
29,,,,,,,-119.84492783,34.41617865,-19.813,Global,9.2,0.013,0.013,0.016,0.018,1.945,m,FIX,RTK,2026-02-06 17:52:03.0 UTC-08:00,2026-02-06 17:52:03.0 UTC-08:00,1,1.2,1.4,,,,-119.79242800,34.50781198,811.544,11282.690,P519_RTCM3,Global CS,7,7,5,6,0,Reach RX2,8243B70F5B178099
30,,,,,,,-119.84492448,34.41620704,-19.625,Global,2.0,0.012,0.012,0.011,0.017,1.945,m,FIX,RTK,2026-02-06 17:52:11.6 UTC-08:00,2026-02-06 17:52:11.6 UTC-08:00,1,1.2,1.3,,,,-119.79242800,34.50781198,811.544,11279.710,P519_RTCM3,Global CS,8,7,5,5,0,Reach RX2,8243B70F5B178099
31,,,,,,,-119.84488890,34.41623892,-20.010,Global,6.2,0.012,0.012,0.012,0.017,1.945,m,FIX,RTK,2026-02-06 17:52:34.6 UTC-08:00,2026-02-06 17:52:34.6 UTC-08:00,1,1.2,1.4,,,,-119.79242800,34.50781198,811.544,11275.110,P519_RTCM3,Global CS,7,6,5,6,0,Reach RX2,8243B70F5B178099
32,,,,,,,-119.84488806,34.41627827,-20.002,Global,7.6,0.012,0.012,0.015,0.017,1.945,m,FIX,RTK,2026-02-06 17:52:46.0 UTC-08:00,2026-02-06 17:52:46.0 UTC-08:00,1,1.1,1.3,,,,-119.79242800,34.50781198,811.544,11271.150,P519_RTCM3,Global CS,7,7,5,5,0,Reach RX2,8243B70F5B178099
33,,,,,,,-119.84489355,34.41630999,-20.035,Global,5.4,0.012,0.012,0.022,0.017,1.945,m,FIX,RTK,2026-02-06 17:53:01.2 UTC-08:00,2026-02-06 17:53:01.2 UTC-08:00,1,1.2,1.3,,,,-119.79242800,34.50781198,811.544,11268.210,P519_RTCM3,Global CS,5,5,3,4,0,Reach RX2,8243B70F5B178099
34,,,,,,,-119.84486738,34.41634151,-19.854,Global,3.8,0.012,0.012,0.016,0.017,1.945,m,FIX,RTK,2026-02-06 17:53:39.4 UTC-08:00,2026-02-06 17:53:39.4 UTC-08:00,1,1.1,1.2,,,,-119.79242800,34.50781198,811.544,11264.000,P519_RTCM3,Global CS,8,6,4,5,0,Reach RX2,8243B70F5B178099
35,,,,,,,-119.84488580,34.41639025,-20.117,Global,7.0,0.012,0.012,0.014,0.017,1.945,m,FIX,RTK,2026-02-06 17:54:03.6 UTC-08:00,2026-02-06 17:54:03.6 UTC-08:00,1,1.1,1.2,,,,-119.79242800,34.50781198,811.544,11259.810,P519_RTCM3,Global CS,8,7,5,6,0,Reach RX2,8243B70F5B178099
36,,,,,,,-119.84483766,34.41651453,-20.172,Global,3.1,0.012,0.012,0.016,0.017,1.945,m,FIX,RTK,2026-02-06 17:59:44.0 UTC-08:00,2026-02-06 17:59:44.0 UTC-08:00,1,1.1,1.3,,,,-119.79242800,34.50781198,811.544,11245.610,P519_RTCM3,Global CS,8,7,5,4,0,Reach RX2,8243B70F5B178099
37,,,,,,,-119.84491376,34.41654127,-20.304,Global,2.6,0.012,0.012,0.012,0.017,1.945,m,FIX,RTK,2026-02-06 18:00:15.8 UTC-08:00,2026-02-06 18:00:15.8 UTC-08:00,1,1.1,1.3,,,,-119.79242800,34.50781198,811.544,11245.910,P519_RTCM3,Global CS,8,7,5,6,0,Reach RX2,8243B70F5B178099
38,,,,,,,-119.84488560,34.41652188,-20.198,Global,3.3,0.012,0.012,0.017,0.017,1.945,m,FIX,RTK,2026-02-06 18:00:39.0 UTC-08:00,2026-02-06 18:00:39.0 UTC-08:00,1,1.1,1.3,,,,-119.79242800,34.50781198,811.544,11246.710,P519_RTCM3,Global CS,7,7,5,6,0,Reach RX2,8243B70F5B178099
39,,,,,,,-119.84498463,34.41656011,-20.179,Global,3.8,0.012,0.012,0.013,0.017,1.945,m,FIX,RTK,2026-02-06 18:00:53.8 UTC-08:00,2026-02-06 18:00:53.8 UTC-08:00,1,1.1,1.3,,,,-119.79242800,34.50781198,811.544,11246.770,P519_RTCM3,Global CS,8,7,5,5,0,Reach RX2,8243B70F5B178099
40,,,,,,,-119.84505358,34.41654491,-20.225,Global,5.2,0.012,0.012,0.012,0.017,1.945,m,FIX,RTK,2026-02-06 18:01:05.6 UTC-08:00,2026-02-06 18:01:05.6 UTC-08:00,1,1.1,1.3,,,,-119.79242800,34.50781198,811.544,11250.930,P519_RTCM3,Global CS,8,7,5,5,0,Reach RX2,8243B70F5B178099
41,,,,,,,-119.84508580,34.41654799,-20.120,Global,5.5,0.012,0.012,0.012,0.017,1.945,m,FIX,RTK,2026-02-06 18:01:15.4 UTC-08:00,2026-02-06 18:01:15.4 UTC-08:00,1,1.1,1.3,,,,-119.79242800,34.50781198,811.544,11251.860,P519_RTCM3,Global CS,8,7,5,6,0,Reach RX2,8243B70F5B178099
42,,,,,,,-119.84512843,34.41655396,-20.297,Global,7.9,0.012,0.012,0.012,0.017,1.945,m,FIX,RTK,2026-02-06 18:01:29.2 UTC-08:00,2026-02-06 18:01:29.2 UTC-08:00,1,1.1,1.3,,,,-119.79242800,34.50781198,811.544,11252.860,P519_RTCM3,Global CS,8,7,5,6,0,Reach RX2,8243B70F5B178099
43,,,,,,,-119.84517188,34.41655840,-20.335,Global,7.1,0.012,0.012,0.012,0.017,1.945,m,FIX,RTK,2026-02-06 18:01:41.4 UTC-08:00,2026-02-06 18:01:41.4 UTC-08:00,1,1.1,1.3,,,,-119.79242800,34.50781198,811.544,11254.180,P519_RTCM3,Global CS,8,7,5,6,0,Reach RX2,8243B70F5B178099
44,,,,,,,-119.84521219,34.41652799,-20.194,Global,12.2,0.013,0.013,0.013,0.018,1.945,m,FIX,RTK,2026-02-06 18:01:50.6 UTC-08:00,2026-02-06 18:01:50.6 UTC-08:00,1,1.1,1.3,,,,-119.79242800,34.50781198,811.544,11258.630,P519_RTCM3,Global CS,8,7,5,5,0,Reach RX2,8243B70F5B178099
45,,,,,,,-119.84524479,34.41654045,-20.293,Global,10.1,0.012,0.012,0.013,0.018,1.945,m,FIX,RTK,2026-02-06 18:02:08.0 UTC-08:00,2026-02-06 18:02:08.0 UTC-08:00,1,1.2,1.3,,,,-119.79242800,34.50781198,811.544,11258.750,P519_RTCM3,Global CS,8,7,5,5,0,Reach RX2,8243B70F5B178099
46,,,,,,,-119.84527215,34.41652455,-20.187,Global,11.6,0.013,0.013,0.014,0.018,1.945,m,FIX,RTK,2026-02-06 18:02:14.2 UTC-08:00,2026-02-06 18:02:14.2 UTC-08:00,1,1.2,1.3,,,,-119.79242800,34.50781198,811.544,11261.360,P519_RTCM3,Global CS,8,7,5,5,0,Reach RX2,8243B70F5B178099
47,,,,,,,-119.84531073,34.41652479,-20.236,Global,10.5,0.012,0.012,0.013,0.018,1.945,m,FIX,RTK,2026-02-06 18:02:20.6 UTC-08:00,2026-02-06 18:02:20.6 UTC-08:00,1,1.2,1.3,,,,-119.79242800,34.50781198,811.544,11262.920,P519_RTCM3,Global CS,8,7,5,5,0,Reach RX2,8243B70F5B178099
48,,,,,,,-119.84535535,34.41652503,-20.233,Global,10.1,0.013,0.013,0.013,0.018,1.945,m,FIX,RTK,2026-02-06 18:02:31.6 UTC-08:00,2026-02-06 18:02:31.6 UTC-08:00,1,1.2,1.3,,,,-119.79242800,34.50781198,811.544,11264.690,P519_RTCM3,Global CS,8,7,5,5,0,Reach RX2,8243B70F5B178099
49,,,,,,,-119.84540566,34.41652050,-20.228,Global,8.1,0.012,0.012,0.012,0.017,1.945,m,FIX,RTK,2026-02-06 18:02:44.0 UTC-08:00,2026-02-06 18:02:44.0 UTC-08:00,1,1.1,1.3,,,,-119.79242800,34.50781198,811.544,11267.260,P519_RTCM3,Global CS,8,7,5,6,0,Reach RX2,8243B70F5B178099
50,,,,,,,-119.84544822,34.41650165,-20.211,Global,7.4,0.012,0.012,0.012,0.017,1.945,m,FIX,RTK,2026-02-06 18:02:51.4 UTC-08:00,2026-02-06 18:02:51.4 UTC-08:00,1,1.1,1.3,,,,-119.79242800,34.50781198,811.544,11270.810,P519_RTCM3,Global CS,8,7,5,6,0,Reach RX2,8243B70F5B178099
51,,,,,,,-119.84547253,34.41648702,-20.221,Global,10.1,0.013,0.013,0.013,0.018,1.945,m,FIX,RTK,2026-02-06 18:02:57.2 UTC-08:00,2026-02-06 18:02:57.2 UTC-08:00,1,1.1,1.3,,,,-119.79242800,34.50781198,811.544,11273.210,P519_RTCM3,Global CS,8,7,5,6,0,Reach RX2,8243B70F5B178099
52,,,,,,,-119.84549141,34.41646736,-20.259,Global,11.0,0.013,0.013,0.015,0.018,1.945,m,FIX,RTK,2026-02-06 18:03:03.0 UTC-08:00,2026-02-06 18:03:03.0 UTC-08:00,1,1.1,1.3,,,,-119.79242800,34.50781198,811.544,11275.900,P519_RTCM3,Global CS,8,7,5,5,0,Reach RX2,8243B70F5B178099
53,,,,,,,-119.84551429,34.41644912,-20.299,Global,10.0,0.013,0.013,0.013,0.018,1.945,m,FIX,RTK,2026-02-06 18:03:10.0 UTC-08:00,2026-02-06 18:03:10.0 UTC-08:00,1,1.1,1.3,,,,-119.79242800,34.50781198,811.544,11278.700,P519_RTCM3,Global CS,8,7,5,6,0,Reach RX2,8243B70F5B178099
54,,,,,,,-119.84553479,34.41642751,-20.317,Global,7.5,0.012,0.012,0.012,0.017,1.945,m,FIX,RTK,2026-02-06 18:03:19.2 UTC-08:00,2026-02-06 18:03:19.2 UTC-08:00,1,1.1,1.3,,,,-119.79242800,34.50781198,811.544,11281.710,P519_RTCM3,Global CS,8,7,5,6,0,Reach RX2,8243B70F5B178099
55,,,,,,,-119.84555567,34.41640846,-20.458,Global,8.4,0.012,0.012,0.015,0.018,1.945,m,FIX,RTK,2026-02-06 18:03:30.2 UTC-08:00,2026-02-06 18:03:30.2 UTC-08:00,1,1.1,1.3,,,,-119.79242800,34.50781198,811.544,11284.450,P519_RTCM3,Global CS,8,7,5,6,0,Reach RX2,8243B70F5B178099
56,,,,,,,-119.84556935,34.41639617,-20.554,Global,7.6,0.012,0.012,0.012,0.017,1.945,m,FIX,RTK,2026-02-06 18:04:26.6 UTC-08:00,2026-02-06 18:04:26.6 UTC-08:00,1,1.1,1.3,,,,-119.79242800,34.50781198,811.544,11286.240,P519_RTCM3,Global CS,7,7,5,6,0,Reach RX2,8243B70F5B178099
57,,,,,,,-119.84558575,34.41637449,-20.298,Global,9.4,0.013,0.013,0.013,0.018,1.945,m,FIX,RTK,2026-02-06 18:05:01.0 UTC-08:00,2026-02-06 18:05:01.0 UTC-08:00,1,1.1,1.3,,,,-119.79242800,34.50781198,811.544,11289.100,P519_RTCM3,Global CS,8,7,5,6,0,Reach RX2,8243B70F5B178099
58,,,,,,,-119.84559761,34.41635299,-20.257,Global,7.2,0.012,0.012,0.012,0.017,1.945,m,FIX,RTK,2026-02-06 18:05:09.2 UTC-08:00,2026-02-06 18:05:09.2 UTC-08:00,1,1.1,1.3,,,,-119.79242800,34.50781198,811.544,11291.780,P519_RTCM3,Global CS,8,7,5,6,0,Reach RX2,8243B70F5B178099
59,,,,,,,-119.84560662,34.41631930,-20.264,Global,6.9,0.012,0.012,0.012,0.017,1.945,m,FIX,RTK,2026-02-06 18:05:42.4 UTC-08:00,2026-02-06 18:05:42.4 UTC-08:00,1,1.1,1.3,,,,-119.79242800,34.50781198,811.544,11295.470,P519_RTCM3,Global CS,8,7,5,6,0,Reach RX2,8243B70F5B178099
60,,,,,,,-119.84560843,34.41629617,-20.266,Global,6.9,0.012,0.012,0.012,0.017,1.945,m,FIX,RTK,2026-02-06 18:05:47.6 UTC-08:00,2026-02-06 18:05:47.6 UTC-08:00,1,1.1,1.3,,,,-119.79242800,34.50781198,811.544,11297.870,P519_RTCM3,Global CS,8,7,5,5,0,Reach RX2,8243B70F5B178099
61,,,,,,,-119.84561114,34.41626750,-20.252,Global,8.0,0.012,0.012,0.013,0.017,1.945,m,FIX,RTK,2026-02-06 18:05:53.4 UTC-08:00,2026-02-06 18:05:53.4 UTC-08:00,1,1.1,1.3,,,,-119.79242800,34.50781198,811.544,11300.840,P519_RTCM3,Global CS,8,7,5,6,0,Reach RX2,8243B70F5B178099
62,,,,,,,-119.84561029,34.41624127,-20.265,Global,7.7,0.012,0.012,0.012,0.017,1.945,m,FIX,RTK,2026-02-06 18:05:58.6 UTC-08:00,2026-02-06 18:05:58.6 UTC-08:00,1,1.1,1.3,,,,-119.79242800,34.50781198,811.544,11303.440,P519_RTCM3,Global CS,8,7,5,6,0,Reach RX2,8243B70F5B178099
63,,,,,,,-119.84491221,34.41650780,-20.339,Global,3.3,0.012,0.012,0.018,0.018,1.945,m,FIX,RTK,2026-02-06 18:09:53.2 UTC-08:00,2026-02-06 18:09:53.2 UTC-08:00,1,1.0,1.2,,,,-119.79242800,34.50781198,811.544,11249.120,P519_RTCM3,Global CS,9,6,6,6,0,Reach RX2,8243B70F5B178099
64,,,,,,,-119.84489397,34.41648609,-20.213,Global,4.8,0.013,0.013,0.018,0.018,1.945,m,FIX,RTK,2026-02-06 18:09:59.4 UTC-08:00,2026-02-06 18:09:59.4 UTC-08:00,1,1.1,1.2,,,,-119.79242800,34.50781198,811.544,11250.520,P519_RTCM3,Global CS,8,7,6,6,0,Reach RX2,8243B70F5B178099
65,,,,,,,-119.84487959,34.41646700,-20.229,Global,4.3,0.012,0.012,0.014,0.017,1.945,m,FIX,RTK,2026-02-06 18:10:07.8 UTC-08:00,2026-02-06 18:10:07.8 UTC-08:00,1,1.0,1.2,,,,-119.79242800,34.50781198,811.544,11251.920,P519_RTCM3,Global CS,9,7,5,6,0,Reach RX2,8243B70F5B178099
66,,,,,,,-119.84487447,34.41644259,-20.168,Global,4.1,0.012,0.012,0.011,0.017,1.945,m,FIX,RTK,2026-02-06 18:10:14.2 UTC-08:00,2026-02-06 18:10:14.2 UTC-08:00,1,1.1,1.2,,,,-119.79242800,34.50781198,811.544,11254.140,P519_RTCM3,Global CS,8,7,6,6,0,Reach RX2,8243B70F5B178099
67,,,,,,,-119.84487125,34.41642527,-20.147,Global,4.4,0.012,0.012,0.011,0.017,1.945,m,FIX,RTK,2026-02-06 18:10:31.0 UTC-08:00,2026-02-06 18:10:31.0 UTC-08:00,1,1.1,1.3,,,,-119.79242800,34.50781198,811.544,11255.760,P519_RTCM3,Global CS,8,6,5,6,0,Reach RX2,8243B70F5B178099
68,,,,,,,-119.84486901,34.41640102,-20.217,Global,5.1,0.013,0.013,0.022,0.018,1.945,m,FIX,RTK,2026-02-06 18:10:37.6 UTC-08:00,2026-02-06 18:10:37.6 UTC-08:00,1,1.1,1.3,,,,-119.79242800,34.50781198,811.544,11258.100,P519_RTCM3,Global CS,7,7,5,5,0,Reach RX2,8243B70F5B178099
69,,,,,,,-119.84486577,34.41637860,-20.240,Global,3.4,0.012,0.012,0.014,0.017,1.945,m,FIX,RTK,2026-02-06 18:10:43.8 UTC-08:00,2026-02-06 18:10:43.8 UTC-08:00,1,1.2,1.4,,,,-119.79242800,34.50781198,811.544,11260.240,P519_RTCM3,Global CS,6,5,5,1,0,Reach RX2,8243B70F5B178099
